flags,instruction,category,intent,response
B,question about cancelling order {{Order Number}},ORDER,cancel_order,"I've understood you have a question regarding canceling order {{Order Number}}, and I'm here to provide you with the information you need. Please go ahead and ask your question, and I'll do my best to assist you."
BQZ,i have a question about cancelling oorder {{Order Number}},ORDER,cancel_order,"I've been informed that you have a question about canceling order {{Order Number}}. I'm here to assist you! Please go ahead and let me know what specific question you have, and I'll provide you with all the information and guidance you need. Your satisfaction is my top priority."
BLQZ,i need help cancelling puchase {{Order Number}},ORDER,cancel_order,"I can sense that you're seeking assistance with canceling your purchase with the purchase number {{Order Number}}. I apologize for any inconvenience caused, and I'm here to guide you through the process.

To cancel your purchase, please follow these steps:

1. Log into your account: Visit our {{Online Company Portal Info}} and sign in using your credentials.
2. Locate your order: Once logged in, navigate to the '{{Online Order Interaction}}' or '{{Online Order Interaction}}' section to find the purchase with the order number {{Order Number}}.
3. Initiate the cancellation: Upon finding your purchase, look for the option labeled '{{Online Order Interaction}}' and click on it to initiate the cancellation process.
4. Confirm the cancellation: Our system might ask for confirmation or feedback regarding the cancellation. Kindly provide the necessary information to complete the process.
5. Seek additional support: If you encounter any difficulties or require further assistance, our dedicated customer support team is available during {{Customer Support Hours}}. You can contact us at {{Customer Support Phone Number}} or use the Live Chat feature on our {{Website URL}}.

We appreciate your understanding and value your satisfaction. Should you have any more questions or concerns, feel free to reach out to us. We're here to help you."

B,question about cancelling order {{Order Number}},ORDER,cancel_order,"I've understood you have a question regarding canceling order {{Order Number}}, and I'm here to provide you with the information you need. Please go ahead and ask your question, and I'll do my best to assist you."
BQZ,i have a question about cancelling oorder {{Order Number}},ORDER,cancel_order,"I've been informed that you have a question about canceling order {{Order Number}}. I'm here to assist you! Please go ahead and let me know what specific question you have, and I'll provide you with all the information and guidance you need. Your satisfaction is my top priority."
BLQZ,i need help cancelling puchase {{Order Number}},ORDER,cancel_order,"I can sense that you're seeking assistance with canceling your purchase with the purchase number {{Order Number}}. I apologize for any inconvenience caused, and I'm here to guide you through the process.

To cancel your purchase, please follow these steps:

1. Log into your account: Visit our {{Online Company Portal Info}} and sign in using your credentials.
2. Locate your order: Once logged in, navigate to the '{{Online Order Interaction}}' or '{{Online Order Interaction}}' section to find the purchase with the order number {{Order Number}}.
3. Initiate the cancellation: Upon finding your purchase, look for the option labeled '{{Online Order Interaction}}' and click on it to initiate the cancellation process.
4. Confirm the cancellation: Our system might ask for confirmation or feedback regarding the cancellation. Kindly provide the necessary information to complete the process.
5. Seek additional support: If you encounter any difficulties or require further assistance, our dedicated customer support team is available during {{Customer Support Hours}}. You can contact us at {{Customer Support Phone Number}} or use the Live Chat feature on our {{Website URL}}.

We appreciate your understanding and value your satisfaction. Should you have any more questions or concerns, feel free to reach out to us. We're here to help you."

B,question about cancelling order {{Order Number}},ORDER,cancel_order,"I've understood you have a question regarding canceling order {{Order Number}}, and I'm here to provide you with the information you need. Please go ahead and ask your question, and I'll do my best to assist you."
BQZ,i have a question about cancelling oorder {{Order Number}},ORDER,cancel_order,"I've been informed that you have a question about canceling order {{Order Number}}. I'm here to assist you! Please go ahead and let me know what specific question you have, and I'll provide you with all the information and guidance you need. Your satisfaction is my top priority."
BLQZ,i need help cancelling puchase {{Order Number}},ORDER,cancel_order,"I can sense that you're seeking assistance with canceling your purchase with the purchase number {{Order Number}}. I apologize for any inconvenience caused, and I'm here to guide you through the process.

To cancel your purchase, please follow these steps:

1. Log into your account: Visit our {{Online Company Portal Info}} and sign in using your credentials.
2. Locate your order: Once logged in, navigate to the '{{Online Order Interaction}}' or '{{Online Order Interaction}}' section to find the purchase with the order number {{Order Number}}.
3. Initiate the cancellation: Upon finding your purchase, look for the option labeled '{{Online Order Interaction}}' and click on it to initiate the cancellation process.
4. Confirm the cancellation: Our system might ask for confirmation or feedback regarding the cancellation. Kindly provide the necessary information to complete the process.
5. Seek additional support: If you encounter any difficulties or require further assistance, our dedicated customer support team is available during {{Customer Support Hours}}. You can contact us at {{Customer Support Phone Number}} or use the Live Chat feature on our {{Website URL}}.

We appreciate your understanding and value your satisfaction. Should you have any more questions or concerns, feel free to reach out to us. We're here to help you."

B,question about cancelling order {{Order Number}},ORDER,cancel_order,"I've understood you have a question regarding canceling order {{Order Number}}, and I'm here to provide you with the information you need. Please go ahead and ask your question, and I'll do my best to assist you."
BQZ,i have a question about cancelling oorder {{Order Number}},ORDER,cancel_order,"I've been informed that you have a question about canceling order {{Order Number}}. I'm here to assist you! Please go ahead and let me know what specific question you have, and I'll provide you with all the information and guidance you need. Your satisfaction is my top priority."
BLQZ,i need help cancelling puchase {{Order Number}},ORDER,cancel_order,"I can sense that you're seeking assistance with canceling your purchase with the purchase number {{Order Number}}. I apologize for any inconvenience caused, and I'm here to guide you through the process.

To cancel your purchase, please follow these steps:

1. Log into your account: Visit our {{Online Company Portal Info}} and sign in using your credentials.
2. Locate your order: Once logged in, navigate to the '{{Online Order Interaction}}' or '{{Online Order Interaction}}' section to find the purchase with the order number {{Order Number}}.
3. Initiate the cancellation: Upon finding your purchase, look for the option labeled '{{Online Order Interaction}}' and click on it to initiate the cancellation process.
4. Confirm the cancellation: Our system might ask for confirmation or feedback regarding the cancellation. Kindly provide the necessary information to complete the process.
5. Seek additional support: If you encounter any difficulties or require further assistance, our dedicated customer support team is available during {{Customer Support Hours}}. You can contact us at {{Customer Support Phone Number}} or use the Live Chat feature on our {{Website URL}}.

We appreciate your understanding and value your satisfaction. Should you have any more questions or concerns, feel free to reach out to us. We're here to help you."
